Kp_Pos,Ki_Pos,Rise_Time_s,Overshoot_kPa
15.0,800.0,0.8277215957641602,1.79
15.0,1000.0,0.9287018775939941,2.96
15.0,1500.0,0.8492329120635986,1.33
15.0,2000.0,0.8499875068664551,2.18
