Kp,Ki,Rise_Time_s,Overshoot_kPa
35.0,2500.0,0.4427938461303711,7.42
35.0,3000.0,0.4851071834564209,7.28
35.0,3500.0,0.8867073059082031,7.24
35.0,4000.0,1.091702938079834,0.80
40.0,2500.0,1.2534561157226562,1.16
40.0,3000.0,1.0671236515045166,3.69
40.0,3500.0,1.3505899906158447,-0.52
40.0,4000.0,1.4522161483764648,-1.58
45.0,2500.0,-1,-2.28
45.0,3000.0,-1,-3.47
45.0,3500.0,-1,-3.81
45.0,4000.0,1.5302207469940186,-0.42
