Kp,Ki,Rise_Time_s,Overshoot_kPa
15.0,300.0,-1,-5.44
15.0,400.0,-1,-5.51
15.0,500.0,3.3487930297851562,0.17
15.0,600.0,1.7164599895477295,0.17
15.0,700.0,1.6979119777679443,0.18
15.0,800.0,1.6725947856903076,0.16
