Kp_Neg,Ki_Neg,Rise_Time_s,Overshoot_kPa
-60.0,-800.0,1.9598219394683838,1.33
-60.0,-1200.0,2.536043405532837,0.93
-60.0,-1600.0,1.757347583770752,0.74
-60.0,-2000.0,2.1026718616485596,0.04
-80.0,-800.0,-1,2.11
